{
    "accuracy": [
        0.16820701956748962,
        0.4214417636394501,
        0.5463955402374268,
        0.6099815368652344,
        0.6598891019821167,
        0.6894639730453491,
        0.7024029493331909,
        0.733086884021759,
        0.7556377053260803,
        0.7700554728507996,
        0.7789279222488403,
        0.7855822443962097,
        0.7948244214057922,
        0.8085027933120728,
        0.8221811652183533
    ],
    "loss": [
        3.5312235355377197,
        2.234562635421753,
        1.6689324378967285,
        1.3754690885543823,
        1.1916190385818481,
        1.0790791511535645,
        1.0184941291809082,
        0.8789796233177185,
        0.8257474899291992,
        0.7596599459648132,
        0.7339808344841003,
        0.7044559717178345,
        0.6707559823989868,
        0.6227139830589294,
        0.5751315355300903
    ],
    "val_accuracy": [
        0.5132089853286743,
        0.6996892094612122,
        0.8030303120613098,
        0.8325563073158264,
        0.8508158326148987,
        0.8846153616905212,
        0.8923853635787964,
        0.9055944085121155,
        0.9110333919525146,
        0.9246309399604797,
        0.9347319602966309,
        0.9370629191398621,
        0.9475524425506592,
        0.9533799290657043,
        0.9595959782600403
    ],
    "val_loss": [
        2.194077491760254,
        1.2515920400619507,
        0.8758141994476318,
        0.6779452562332153,
        0.5956763029098511,
        0.4731374680995941,
        0.4127739667892456,
        0.3800836205482483,
        0.3312390446662903,
        0.3047304153442383,
        0.25664791464805603,
        0.2573515474796295,
        0.21828871965408325,
        0.19463324546813965,
        0.17953194677829742
    ]
}